"STATION","NAME","DATE","AWND","CDSD","DSNW","EMNT","EMSN","EMXP","EMXT","HDSD","PRCP","SNOW","TAVG","TMAX","TMIN","WDF2","WDF5","WSF2","WSF5"
"USC00022659","DOUGLAS, AZ US","2013-07",,,,"53",,"2.30","102","0","7.67",,"79.2","93.3","65.1",,,,
"USC00022659","DOUGLAS, AZ US","2013-08",,,,,,"0.73",,,"2.77",,,,,,,,
"USC00022659","DOUGLAS, AZ US","2013-09",,,,"50",,"0.45","98",,"1.09",,"76.6","90.7","62.4",,,,
"USC00022659","DOUGLAS, AZ US","2014-07",,,,,,,,,,,,,,,,,
"USC00022659","DOUGLAS, AZ US","2014-08",,,,,,,,,,,,,,,,,
"USC00022659","DOUGLAS, AZ US","2014-11",,,,"24",,"0.57","84",,"0.57",,"56.9","73.4","40.4",,,,
"USC00022659","DOUGLAS, AZ US","2014-12",,,,"20",,"0.50","76",,"1.41",,"50.8","67.2","34.4",,,,
"USC00022659","DOUGLAS, AZ US","2015-01",,"0",,"22",,"1.20","77",,"2.07",,"49.2","66.3","32.1",,,,
"USC00022659","DOUGLAS, AZ US","2015-02",,"1",,"32",,"0.20","82",,"0.31",,"58.2","76.0","40.4",,,,
"USC00022659","DOUGLAS, AZ US","2015-03",,"1",,"34",,"0.72","90",,"1.62",,"59.6","75.0","44.1",,,,
"USC00022659","DOUGLAS, AZ US","2015-04",,"19",,"34",,"0.50","87",,"0.50",,"63.6","80.3","46.9",,,,
"USC00022659","DOUGLAS, AZ US","2015-05",,"110",,"41",,"0.00","99",,"0.00",,"67.9","85.6","50.3",,,,
"USC00022659","DOUGLAS, AZ US","2015-06",,"590",,"58",,"0.58","106",,"1.15",,"82.8","99.4","66.3",,,,
"USC00022659","DOUGLAS, AZ US","2015-07",,"1037",,"64",,"1.00","99","0","3.56",,"81.5","93.6","69.4",,,,
"USC00022659","DOUGLAS, AZ US","2015-08",,"1568",,"63",,"0.90","104","0","2.63",,"82.7","97.6","67.8",,,,
"USC00022659","DOUGLAS, AZ US","2015-09",,"1876",,"55",,"1.22","98","0","1.75",,"77.3","91.8","62.9",,,,
"USC00022659","DOUGLAS, AZ US","2015-10",,"2005",,"41",,"0.50","97","20","1.51",,"69.0","83.7","54.3",,,,
"USC00022659","DOUGLAS, AZ US","2015-11",,"2005",,"24",,"0.08","79","315","0.15",,"54.5","72.9","36.0",,,,
"USC00022659","DOUGLAS, AZ US","2015-12",,"2005",,"18",,"0.40","78","766","0.40",,"47.7","66.1","29.2",,,,
"USC00022659","DOUGLAS, AZ US","2016-01",,,,,,,,,,,,,,,,,
"USC00022659","DOUGLAS, AZ US","2016-02",,,,"20",,"0.80","91",,"0.80",,"56.2","77.7","34.7",,,,
"USC00022659","DOUGLAS, AZ US","2016-04",,,,"33",,"0.05","90",,"0.05",,"64.2","83.0","45.5",,,,
"USC00022659","DOUGLAS, AZ US","2016-05",,,,"46",,"0.00","95",,"0.00",,"70.7","87.2","54.1",,,,
"USC00022659","DOUGLAS, AZ US","2016-06",,,,"58",,"1.00","111",,"1.07",,"82.9","99.9","65.9",,,,
"USC00022659","DOUGLAS, AZ US","2016-08",,,,"55",,"1.61","96",,"3.90",,"74.7","88.0","61.4",,,,
"USC00022659","DOUGLAS, AZ US","2017-07",,,,"56",,"1.00","103","0","4.21",,"79.1","92.2","66.0",,,,
"USC00022659","DOUGLAS, AZ US","2017-08",,,,"55",,"0.35","95","0","0.73",,"76.6","89.9","63.3",,,,
"USC00022659","DOUGLAS, AZ US","2017-09",,,,"49",,"0.22","96","0","0.22",,"73.7","87.8","59.5",,,,
"USC00022659","DOUGLAS, AZ US","2017-10",,,,"42",,"0.00","91","12","0.00",,"68.1","85.9","50.3",,,,
"USC00022659","DOUGLAS, AZ US","2018-02",,,,"27",,"0.76","76",,"1.22",,"52.3","66.3","38.3",,,,
"USC00022659","DOUGLAS, AZ US","2018-03",,,,"26",,"0.15","81",,"0.15",,"56.3","72.4","40.2",,,,
"USC00022659","DOUGLAS, AZ US","2018-04",,,,"36",,"0.00","88",,"0.00",,"64.9","81.6","48.2",,,,
"USC00022659","DOUGLAS, AZ US","2018-09",,,,,,,,,,,,,,,,,
"USC00022659","DOUGLAS, AZ US","2019-07",,,,,,,,,"2.40",,,,,,,,
"USC00022659","DOUGLAS, AZ US","2019-08",,,,,,,,,,,,,,,,,
"USC00022659","DOUGLAS, AZ US","2019-09",,,,,,,,,,,,,,,,,
"USC00022659","DOUGLAS, AZ US","2019-10",,,,"33",,"0.00","87",,"0.00",,"63.5","81.1","45.9",,,,
"USC00022659","DOUGLAS, AZ US","2019-11",,,,"29",,"4.00","78",,"10.61",,"55.5","71.5","39.6",,,,
"USC00022659","DOUGLAS, AZ US","2020-02",,,,"23",,"0.60","72",,"0.75",,"50.0","65.4","34.6",,,,
"USC00022659","DOUGLAS, AZ US","2020-03",,,,,,,,,,,,,,,,,
"USC00022659","DOUGLAS, AZ US","2020-05",,,,"47",,"0.21","100",,"0.30",,"72.0","89.3","54.7",,,,
"USC00022659","DOUGLAS, AZ US","2020-08",,,,,,,,,,,,,,,,,
"USC00022659","DOUGLAS, AZ US","2021-08",,,,,,,,,,,,,,,,,
"USC00022659","DOUGLAS, AZ US","2021-09",,,,,,,,,,,,,,,,,
"USC00022659","DOUGLAS, AZ US","2022-05",,,,,,"0.00",,,"0.00",,,,,,,,
"US1AZCH0069","DOUGLAS 8.8 NNW, AZ US","2017-07",,,,,,"1.23",,,"4.62",,,,,,,,
"US1AZCH0069","DOUGLAS 8.8 NNW, AZ US","2017-08",,,,,,"0.99",,,"2.32",,,,,,,,
"US1AZCH0069","DOUGLAS 8.8 NNW, AZ US","2017-09",,,"0",,"0.0","0.00",,,"0.00","0.0",,,,,,,
"US1AZCH0069","DOUGLAS 8.8 NNW, AZ US","2017-10",,,"0",,"0.0","0.10",,,"0.10","0.0",,,,,,,
"US1AZCH0069","DOUGLAS 8.8 NNW, AZ US","2017-11",,,"0",,"0.0","0.11",,,"0.11","0.0",,,,,,,
"US1AZCH0069","DOUGLAS 8.8 NNW, AZ US","2017-12",,,"0",,"0.0","0.68",,,"0.68","0.0",,,,,,,
"US1AZCH0069","DOUGLAS 8.8 NNW, AZ US","2018-01",,,"0",,"0.0","0.00",,,"0.00","0.0",,,,,,,
"US1AZCH0069","DOUGLAS 8.8 NNW, AZ US","2018-02",,,"0",,"0.0","0.62",,,"1.12","0.0",,,,,,,
"US1AZCH0069","DOUGLAS 8.8 NNW, AZ US","2018-03",,,"0",,"0.0","0.11",,,"0.11","0.0",,,,,,,
"US1AZCH0069","DOUGLAS 8.8 NNW, AZ US","2018-04",,,"0",,"0.0","0.00",,,"0.00","0.0",,,,,,,
"US1AZCH0069","DOUGLAS 8.8 NNW, AZ US","2018-05",,,"0",,"0.0","0.00",,,"0.00","0.0",,,,,,,
"US1AZCH0069","DOUGLAS 8.8 NNW, AZ US","2018-06",,,"0",,"0.0","0.48",,,"0.72","0.0",,,,,,,
"US1AZCH0069","DOUGLAS 8.8 NNW, AZ US","2018-07",,,"0",,"0.0","1.16",,,"2.91","0.0",,,,,,,
"US1AZCH0069","DOUGLAS 8.8 NNW, AZ US","2018-08",,,,,,"0.91",,,"2.91",,,,,,,,
"US1AZCH0069","DOUGLAS 8.8 NNW, AZ US","2018-09",,,"0",,"0.0","1.08",,,"2.07","0.0",,,,,,,
"US1AZCH0069","DOUGLAS 8.8 NNW, AZ US","2018-10",,,,,,"1.17",,,"4.03",,,,,,,,
"US1AZCH0069","DOUGLAS 8.8 NNW, AZ US","2018-11",,,"0",,"0.0","0.00",,,"0.00","0.0",,,,,,,
"US1AZCH0069","DOUGLAS 8.8 NNW, AZ US","2018-12",,,"0",,"0.0","0.32",,,"0.95","0.0",,,,,,,
"US1AZCH0069","DOUGLAS 8.8 NNW, AZ US","2019-01",,,"0",,"0.0","0.35",,,"0.85","0.0",,,,,,,
"US1AZCH0069","DOUGLAS 8.8 NNW, AZ US","2019-02",,,"0",,"0.0","0.48",,,"0.69","0.0",,,,,,,
"US1AZCH0069","DOUGLAS 8.8 NNW, AZ US","2019-03",,,"0",,"0.0","1.21",,,"1.45","0.0",,,,,,,
"US1AZCH0069","DOUGLAS 8.8 NNW, AZ US","2019-04",,,"0",,"0.0","0.47",,,"0.47","0.0",,,,,,,
"US1AZCH0069","DOUGLAS 8.8 NNW, AZ US","2019-05",,,"0",,"0.0","0.37",,,"0.37","0.0",,,,,,,
"US1AZCH0069","DOUGLAS 8.8 NNW, AZ US","2019-06",,,"0",,"0.0","0.00",,,"0.00","0.0",,,,,,,
"US1AZCH0069","DOUGLAS 8.8 NNW, AZ US","2019-07",,,"0",,"0.0","0.58",,,"1.60","0.0",,,,,,,
"US1AZCH0069","DOUGLAS 8.8 NNW, AZ US","2019-08",,,,,,"1.20",,,"2.61",,,,,,,,
"US1AZCH0069","DOUGLAS 8.8 NNW, AZ US","2019-09",,,,,,"1.24",,,"1.99",,,,,,,,
"US1AZCH0069","DOUGLAS 8.8 NNW, AZ US","2019-10",,,"0",,"0.0","0.03",,,"0.03","0.0",,,,,,,
"US1AZCH0069","DOUGLAS 8.8 NNW, AZ US","2019-11",,,"0",,"0.0","3.10",,,"4.21","0.0",,,,,,,
"US1AZCH0069","DOUGLAS 8.8 NNW, AZ US","2019-12",,,"0",,"0.0","0.50",,,"1.31","0.0",,,,,,,
"US1AZCH0012","DOUGLAS 7.3 WNW, AZ US","2013-07",,,,,,"1.20",,,"7.37",,,,,,,,
"US1AZCH0012","DOUGLAS 7.3 WNW, AZ US","2013-08",,,,,,"2.68",,,"6.58",,,,,,,,
"US1AZCH0012","DOUGLAS 7.3 WNW, AZ US","2013-09",,,,,,"0.35",,,"1.22",,,,,,,,
"US1AZCH0012","DOUGLAS 7.3 WNW, AZ US","2013-10",,,"0",,"0.0","0.00",,,"0.00","0.0",,,,,,,
"US1AZCH0012","DOUGLAS 7.3 WNW, AZ US","2013-11",,,,,,"0.31",,,"0.83",,,,,,,,
"US1AZCH0012","DOUGLAS 7.3 WNW, AZ US","2013-12",,,"0",,"0.0","0.12",,,"0.27","0.0",,,,,,,
"US1AZCH0012","DOUGLAS 7.3 WNW, AZ US","2014-01",,,"0",,"0.0","0.00",,,"0.00","0.0",,,,,,,
"US1AZCH0012","DOUGLAS 7.3 WNW, AZ US","2014-02",,,"0",,"0.0","0.00",,,"0.00","0.0",,,,,,,
"US1AZCH0012","DOUGLAS 7.3 WNW, AZ US","2014-03",,,"0",,"0.0","0.45",,,"0.46","0.0",,,,,,,
"US1AZCH0012","DOUGLAS 7.3 WNW, AZ US","2014-04",,,"0",,"0.0","0.54",,,"0.65","0.0",,,,,,,
"US1AZCH0012","DOUGLAS 7.3 WNW, AZ US","2014-05",,,"0",,"0.0","0.00",,,"0.00","0.0",,,,,,,
"US1AZCH0012","DOUGLAS 7.3 WNW, AZ US","2014-06",,,"0",,"0.0","0.04",,,"0.04","0.0",,,,,,,
"US1AZCH0012","DOUGLAS 7.3 WNW, AZ US","2014-07",,,,,,"1.77",,,"5.24",,,,,,,,
"US1AZCH0012","DOUGLAS 7.3 WNW, AZ US","2014-08",,,,,,"1.95",,,"7.07",,,,,,,,
"US1AZCH0012","DOUGLAS 7.3 WNW, AZ US","2014-09",,,,,,"3.30",,,"5.11",,,,,,,,
"US1AZCH0012","DOUGLAS 7.3 WNW, AZ US","2014-10",,,"0",,"0.0","1.07",,,"1.59","0.0",,,,,,,
"US1AZCH0012","DOUGLAS 7.3 WNW, AZ US","2015-01",,,,,,"0.64",,,"1.46",,,,,,,,
"US1AZCH0012","DOUGLAS 7.3 WNW, AZ US","2015-02",,,"0",,"0.0","0.12",,,"0.24","0.0",,,,,,,
"US1AZCH0012","DOUGLAS 7.3 WNW, AZ US","2015-03",,,"0",,"0.0","0.51",,,"1.29","0.0",,,,,,,
"US1AZCH0012","DOUGLAS 7.3 WNW, AZ US","2015-04",,,"0",,"0.0","0.48",,,"0.48","0.0",,,,,,,
"US1AZCH0012","DOUGLAS 7.3 WNW, AZ US","2015-05",,,"0",,"0.0","0.00",,,"0.00","0.0",,,,,,,
"US1AZCH0012","DOUGLAS 7.3 WNW, AZ US","2015-06",,,,,,"0.24",,,"0.70",,,,,,,,
"US1AZCH0012","DOUGLAS 7.3 WNW, AZ US","2015-07",,,,,,"0.54",,,"2.52",,,,,,,,
"US1AZCH0012","DOUGLAS 7.3 WNW, AZ US","2015-08",,,,,,"1.48",,,"5.63",,,,,,,,
"US1AZCH0012","DOUGLAS 7.3 WNW, AZ US","2015-09",,,,,,"1.07",,,"1.51",,,,,,,,
"US1AZCH0012","DOUGLAS 7.3 WNW, AZ US","2015-10",,,,,,"0.47",,,"0.92",,,,,,,,
"US1AZCH0012","DOUGLAS 7.3 WNW, AZ US","2016-04",,,"0",,"0.0","0.15",,,"0.18","0.0",,,,,,,
"US1AZCH0012","DOUGLAS 7.3 WNW, AZ US","2016-05",,,"0",,"0.0","0.02",,,"0.02","0.0",,,,,,,
"US1AZCH0012","DOUGLAS 7.3 WNW, AZ US","2016-06",,,,,,"0.64",,,"1.65",,,,,,,,
"US1AZCH0012","DOUGLAS 7.3 WNW, AZ US","2016-07",,,,,,"1.84",,,"4.97",,,,,,,,
"US1AZCH0012","DOUGLAS 7.3 WNW, AZ US","2017-04",,,"0",,"0.0","0.00",,,"0.00","0.0",,,,,,,
"US1AZCH0012","DOUGLAS 7.3 WNW, AZ US","2018-01",,,"0",,"0.0","0.03",,,"0.03","0.0",,,,,,,
"US1AZCH0012","DOUGLAS 7.3 WNW, AZ US","2018-02",,,,,,"0.56",,,"1.16",,,,,,,,
"US1AZCH0012","DOUGLAS 7.3 WNW, AZ US","2018-06",,,,,,"0.36",,,"0.80",,,,,,,,
"US1AZCH0012","DOUGLAS 7.3 WNW, AZ US","2018-07",,,,,,"0.46",,,"2.52",,,,,,,,
"US1AZCH0012","DOUGLAS 7.3 WNW, AZ US","2018-08",,,,,,"0.41",,,"2.69",,,,,,,,
"US1AZCH0012","DOUGLAS 7.3 WNW, AZ US","2018-09",,,,,,"0.83",,,"1.31",,,,,,,,
"US1AZCH0012","DOUGLAS 7.3 WNW, AZ US","2018-10",,,,,,"1.20",,,"3.58",,,,,,,,
"US1AZCH0012","DOUGLAS 7.3 WNW, AZ US","2018-11",,,"0",,"0.0","0.05",,,"0.05","0.0",,,,,,,
"US1AZCH0012","DOUGLAS 7.3 WNW, AZ US","2018-12",,,,,,"0.19",,,"0.67",,,,,,,,
"US1AZCH0012","DOUGLAS 7.3 WNW, AZ US","2019-01",,,,,,"0.20",,,"0.67",,,,,,,,
"US1AZCH0012","DOUGLAS 7.3 WNW, AZ US","2019-03",,,"0",,"0.0","0.88",,,"1.32","0.0",,,,,,,
"US1AZCH0012","DOUGLAS 7.3 WNW, AZ US","2019-04",,,"0",,"0.0","0.32",,,"0.36","0.0",,,,,,,
"US1AZCH0012","DOUGLAS 7.3 WNW, AZ US","2019-05",,,"0",,"0.0","0.24",,,"0.24","0.0",,,,,,,
"US1AZCH0012","DOUGLAS 7.3 WNW, AZ US","2019-06",,,"0",,"0.0","0.00",,,"0.00","0.0",,,,,,,
"US1AZCH0012","DOUGLAS 7.3 WNW, AZ US","2019-07",,,,,,"1.03",,,"2.34",,,,,,,,
"US1AZCH0012","DOUGLAS 7.3 WNW, AZ US","2019-09",,,,,,"1.19",,,"2.41",,,,,,,,
"US1AZCH0012","DOUGLAS 7.3 WNW, AZ US","2019-11",,,,,,"3.23",,,"4.64",,,,,,,,
"US1AZCH0012","DOUGLAS 7.3 WNW, AZ US","2020-01",,,,,,"0.19",,,"0.45",,,,,,,,
"US1AZCH0012","DOUGLAS 7.3 WNW, AZ US","2020-02",,,"0",,"0.0","0.55",,,"0.66","0.0",,,,,,,
"US1AZCH0012","DOUGLAS 7.3 WNW, AZ US","2020-04",,,"0",,"0.0","0.09",,,"0.09","0.0",,,,,,,
"US1AZCH0012","DOUGLAS 7.3 WNW, AZ US","2020-05",,,"0",,"0.0","0.03",,,"0.03","0.0",,,,,,,
"US1AZCH0012","DOUGLAS 7.3 WNW, AZ US","2020-06",,,"0",,"0.0","0.57",,,"0.68","0.0",,,,,,,
"US1AZCH0012","DOUGLAS 7.3 WNW, AZ US","2020-07",,,,,,"0.46",,,"1.81",,,,,,,,
"US1AZCH0012","DOUGLAS 7.3 WNW, AZ US","2020-08",,,,,,"0.23",,,"0.79",,,,,,,,
"US1AZCH0076","DOUGLAS 0.8 WNW, AZ US","2020-02",,,"0",,"0.0","0.40",,,"0.54","0.0",,,,,,,
"US1AZCH0076","DOUGLAS 0.8 WNW, AZ US","2020-03",,,,,,"0.60",,,"2.19",,,,,,,,
"US1AZCH0076","DOUGLAS 0.8 WNW, AZ US","2020-04",,,"0",,"0.0","0.02",,,"0.02","0.0",,,,,,,
"US1AZCH0076","DOUGLAS 0.8 WNW, AZ US","2020-05",,,"0",,"0.0","0.40",,,"0.40","0.0",,,,,,,
"US1AZCH0076","DOUGLAS 0.8 WNW, AZ US","2020-06",,,"0",,"0.0","0.42",,,"0.51","0.0",,,,,,,
"US1AZCH0076","DOUGLAS 0.8 WNW, AZ US","2020-07",,,,,,"0.36",,,"1.24",,,,,,,,
"US1AZCH0076","DOUGLAS 0.8 WNW, AZ US","2020-08",,,"0",,"0.0","0.16",,,"0.24","0.0",,,,,,,
"US1AZCH0076","DOUGLAS 0.8 WNW, AZ US","2020-09",,,"0",,"0.0","0.37",,,"0.45","0.0",,,,,,,
"US1AZCH0076","DOUGLAS 0.8 WNW, AZ US","2020-10",,,"0",,"0.0","0.00",,,"0.00","0.0",,,,,,,
"US1AZCH0076","DOUGLAS 0.8 WNW, AZ US","2020-11",,,"0",,"0.0","0.00",,,"0.00","0.0",,,,,,,
"US1AZCH0076","DOUGLAS 0.8 WNW, AZ US","2020-12",,,"0",,"0.0","0.52",,,"0.52","0.0",,,,,,,
"US1AZCH0076","DOUGLAS 0.8 WNW, AZ US","2021-01",,,"1",,"1.0","0.49",,,"1.13","1.0",,,,,,,
"US1AZCH0076","DOUGLAS 0.8 WNW, AZ US","2021-02",,,"0",,"0.0","0.07",,,"0.07","0.0",,,,,,,
"US1AZCH0076","DOUGLAS 0.8 WNW, AZ US","2021-03",,,"0",,"0.0","0.25",,,"0.37","0.0",,,,,,,
"US1AZCH0076","DOUGLAS 0.8 WNW, AZ US","2021-04",,,"0",,"0.0","0.02",,,"0.02","0.0",,,,,,,
"US1AZCH0076","DOUGLAS 0.8 WNW, AZ US","2021-05",,,"0",,"0.0","0.00",,,"0.00","0.0",,,,,,,
"US1AZCH0076","DOUGLAS 0.8 WNW, AZ US","2021-06",,,"0",,"0.0","0.10",,,"0.10","0.0",,,,,,,
"US1AZCH0076","DOUGLAS 0.8 WNW, AZ US","2021-07",,,,,,"1.50",,,"6.62",,,,,,,,
"US1AZCH0076","DOUGLAS 0.8 WNW, AZ US","2021-08",,,,,,"1.57",,,"5.17",,,,,,,,
"US1AZCH0076","DOUGLAS 0.8 WNW, AZ US","2021-09",,,,,,"0.36",,,"0.96",,,,,,,,
"US1AZCH0076","DOUGLAS 0.8 WNW, AZ US","2021-10",,,"0",,"0.0","0.16",,,"0.16","0.0",,,,,,,
"US1AZCH0076","DOUGLAS 0.8 WNW, AZ US","2021-11",,,"0",,"0.0","0.02",,,"0.02","0.0",,,,,,,
"US1AZCH0076","DOUGLAS 0.8 WNW, AZ US","2021-12",,,"0",,"0.0","1.00",,,"1.14","0.0",,,,,,,
"US1AZCH0076","DOUGLAS 0.8 WNW, AZ US","2022-01",,,"0",,"0.0","0.00",,,"0.00","0.0",,,,,,,
"US1AZCH0076","DOUGLAS 0.8 WNW, AZ US","2022-02",,,"0",,"0.0","0.01",,,"0.01","0.0",,,,,,,
"US1AZCH0076","DOUGLAS 0.8 WNW, AZ US","2022-03",,,"0",,"0.0","0.02",,,"0.04","0.0",,,,,,,
"US1AZCH0076","DOUGLAS 0.8 WNW, AZ US","2022-04",,,"0",,"0.0","0.00",,,"0.00","0.0",,,,,,,
"US1AZCH0076","DOUGLAS 0.8 WNW, AZ US","2022-05",,,"0",,"0.0","0.00",,,"0.00","0.0",,,,,,,
"US1AZCH0076","DOUGLAS 0.8 WNW, AZ US","2022-06",,,,,,"0.48",,,"1.52",,,,,,,,
"US1AZCH0076","DOUGLAS 0.8 WNW, AZ US","2022-07",,,,,,"1.34",,,"3.50",,,,,,,,
"US1AZCH0076","DOUGLAS 0.8 WNW, AZ US","2022-08",,,,,,"0.98",,,"5.18",,,,,,,,
"US1AZCH0076","DOUGLAS 0.8 WNW, AZ US","2022-09",,,"0",,"0.0","0.99",,,"2.21","0.0",,,,,,,
"US1AZCH0076","DOUGLAS 0.8 WNW, AZ US","2022-10",,,"0",,"0.0","0.90",,,"1.17","0.0",,,,,,,
"US1AZCH0076","DOUGLAS 0.8 WNW, AZ US","2022-11",,,"0",,"0.0","0.02",,,"0.02","0.0",,,,,,,
"US1AZCH0076","DOUGLAS 0.8 WNW, AZ US","2022-12",,,"0",,"0.0","0.34",,,"0.49","0.0",,,,,,,
"US1AZCH0076","DOUGLAS 0.8 WNW, AZ US","2023-01",,,"0",,"0.0","0.34",,,"0.57","0.0",,,,,,,
"US1AZCH0076","DOUGLAS 0.8 WNW, AZ US","2023-02",,,"0",,"0.0","0.32",,,"0.56","0.0",,,,,,,
"US1AZCH0076","DOUGLAS 0.8 WNW, AZ US","2023-03",,,"0",,"0.0","0.13",,,"0.26","0.0",,,,,,,
"US1AZCH0076","DOUGLAS 0.8 WNW, AZ US","2023-04",,,"0",,"0.0","0.00",,,"0.00","0.0",,,,,,,
"US1AZCH0076","DOUGLAS 0.8 WNW, AZ US","2023-05",,,"0",,"0.0","0.18",,,"0.21","0.0",,,,,,,
"US1AZCH0076","DOUGLAS 0.8 WNW, AZ US","2023-06",,,"0",,"0.0","0.00",,,"0.00","0.0",,,,,,,
"US1AZCH0076","DOUGLAS 0.8 WNW, AZ US","2023-07",,,"0",,"0.0","0.61",,,"0.82","0.0",,,,,,,
"US1AZCH0076","DOUGLAS 0.8 WNW, AZ US","2023-08",,,,,,"0.22",,,"0.70",,,,,,,,
"US1AZCH0076","DOUGLAS 0.8 WNW, AZ US","2023-09",,,"0",,"0.0","0.41",,,"0.90","0.0",,,,,,,
"US1AZCH0076","DOUGLAS 0.8 WNW, AZ US","2023-10",,,"0",,"0.0","0.24",,,"0.29","0.0",,,,,,,
"US1AZCH0076","DOUGLAS 0.8 WNW, AZ US","2023-11",,,"0",,"0.0","0.03",,,"0.03","0.0",,,,,,,
"US1AZCH0076","DOUGLAS 0.8 WNW, AZ US","2023-12",,,"0",,"0.0","0.32",,,"0.32","0.0",,,,,,,
"US1AZCH0076","DOUGLAS 0.8 WNW, AZ US","2024-01",,,,,,"0.50",,,"0.94",,,,,,,,
"US1AZCH0076","DOUGLAS 0.8 WNW, AZ US","2024-02",,,"0",,"0.0","0.24",,,"0.63","0.0",,,,,,,
"USW00093026","DOUGLAS BISBEE INTERNATIONAL AIRPORT, AZ US","2013-07","6.9","1126","0","64","0.0","1.57","101","0","10.13","0.0","79.1","91.2","67.0","40","30","47.0","59"
"USW00093026","DOUGLAS BISBEE INTERNATIONAL AIRPORT, AZ US","2013-08","5.6","1507","0","60","0.0","0.93","98","0","3.86","0.0","77.3","90.1","64.4","260","260","42.9","64"
"USW00093026","DOUGLAS BISBEE INTERNATIONAL AIRPORT, AZ US","2013-09","6.5","1773",,"45",,"1.10","96","0","2.16",,"73.9","88.5","59.3","70","80","31.1","39"
"USW00093026","DOUGLAS BISBEE INTERNATIONAL AIRPORT, AZ US","2013-10","7.2","1797",,"29",,"0.00","88","126","0.00",,"61.7","81.2","42.2","240","240","35.1","41"
"USW00093026","DOUGLAS BISBEE INTERNATIONAL AIRPORT, AZ US","2013-11","8.3","1797",,"23",,"0.42","82","461","0.52",,"53.8","70.2","37.5","180","180","33.1","43"
"USW00093026","DOUGLAS BISBEE INTERNATIONAL AIRPORT, AZ US","2013-12","6.7","1797",,"17",,"0.15","74","1113","0.30",,"44.0","60.8","27.2","220","220","35.1","48"
"USW00093026","DOUGLAS BISBEE INTERNATIONAL AIRPORT, AZ US","2014-01","5.6","0",,"17",,"0.00","76","1653","0.00",,"47.6","67.7","27.5","220","230","31.1","41"
"USW00093026","DOUGLAS BISBEE INTERNATIONAL AIRPORT, AZ US","2014-02","6.5","0",,"22",,"0.00","85","1996","0.00",,"52.8","72.3","33.2","240","250","32.0","40"
"USW00093026","DOUGLAS BISBEE INTERNATIONAL AIRPORT, AZ US","2014-03","8.7","0",,"27",,"0.34","83","2249","0.44",,"56.8","74.4","39.3","220","230","40.0","53"
"USW00093026","DOUGLAS BISBEE INTERNATIONAL AIRPORT, AZ US","2014-04","9.6","16",,"29",,"0.13","90","2375","0.18",,"61.3","79.8","42.9","240","220","47.0","58"
"USW00093026","DOUGLAS BISBEE INTERNATIONAL AIRPORT, AZ US","2014-05","10.1","159",,"39",,"0.00","100","2404","0.00",,"68.7","87.1","50.2","230","220","36.9","47"
"USW00093026","DOUGLAS BISBEE INTERNATIONAL AIRPORT, AZ US","2014-06","9.4","646",,"56",,"0.08","104","2404","0.08",,"81.2","98.9","63.6","260","270","31.1","43"
"USW00093026","DOUGLAS BISBEE INTERNATIONAL AIRPORT, AZ US","2014-07","7.2","1108",,"62",,"1.72","101","0","4.80",,"79.9","93.5","66.3","50","140","44.1","56"
"USW00093026","DOUGLAS BISBEE INTERNATIONAL AIRPORT, AZ US","2014-08","5.8","1423",,"56",,"0.79","96","0","4.00",,"75.2","87.3","63.0","180","20","31.1","40"
"USW00093026","DOUGLAS BISBEE INTERNATIONAL AIRPORT, AZ US","2014-09","6.9","1703",,"52",,"1.63","97","0","4.13",,"74.3","87.0","61.7","30","40","29.1","35"
"USW00093026","DOUGLAS BISBEE INTERNATIONAL AIRPORT, AZ US","2014-10","5.8","1744",,"41",,"1.03","90","21","1.36",,"65.6","83.3","48.0","360","230","25.9","35"
"USW00093026","DOUGLAS BISBEE INTERNATIONAL AIRPORT, AZ US","2014-11","7.8","1746",,"17",,"0.01","80","400","0.01",,"52.4","70.6","34.2","190","190","33.1","43"
"USW00093026","DOUGLAS BISBEE INTERNATIONAL AIRPORT, AZ US","2014-12","6.9","1746",,"16",,"0.26","75","964","0.60",,"46.8","63.4","30.3","220","220","38.9","50"
"USW00093026","DOUGLAS BISBEE INTERNATIONAL AIRPORT, AZ US","2015-01","6.7","0",,"15",,"0.71","75","1564","1.14",,"45.7","62.9","28.5","80","70","35.1","42"
"USW00093026","DOUGLAS BISBEE INTERNATIONAL AIRPORT, AZ US","2015-02","7.8","0",,"27",,"0.36","80","1861","0.37",,"54.4","71.4","37.4","70","70","40.0","49"
"USW00093026","DOUGLAS BISBEE INTERNATIONAL AIRPORT, AZ US","2015-03","8.3","3",,"28",,"0.47","87","2104","0.92",,"57.3","72.8","41.8","190","80","33.1","44"
"USW00093026","DOUGLAS BISBEE INTERNATIONAL AIRPORT, AZ US","2015-04","9.4","3",,"30",,"0.35","86","2254","0.40",,"60.0","77.3","42.7","180","190","32.0","42"
"USW00093026","DOUGLAS BISBEE INTERNATIONAL AIRPORT, AZ US","2015-05","9.4","59",,"35",,"0.00","98","2311","0.00",,"64.9","83.4","46.4","240","260","36.9","46"
"USW00093026","DOUGLAS BISBEE INTERNATIONAL AIRPORT, AZ US","2015-06","8.3","508",,"53",,"0.48","105","2311","1.19",,"80.0","97.3","62.6","70","80","38.0","64"
"USW00093026","DOUGLAS BISBEE INTERNATIONAL AIRPORT, AZ US","2015-07",,,,,,"2.02",,,"4.30",,,,,,,,
"USW00093026","DOUGLAS BISBEE INTERNATIONAL AIRPORT, AZ US","2015-08","6.5",,,"59",,"0.75","101",,"3.05",,"79.4","93.8","65.1","60","70","36.9","50"
"USW00093026","DOUGLAS BISBEE INTERNATIONAL AIRPORT, AZ US","2015-09","6.5",,,"50",,"0.00","95",,"0.00",,"74.2","88.2","60.3","220","210","29.1","36"
"USW00093026","DOUGLAS BISBEE INTERNATIONAL AIRPORT, AZ US","2015-10","7.8",,,"37",,"0.14","95",,"0.54",,"66.0","80.5","51.5","200","170","29.1","41"
"USW00093026","DOUGLAS BISBEE INTERNATIONAL AIRPORT, AZ US","2015-11","8.1",,,"20",,"0.20","80",,"0.32",,"51.9","70.4","33.4","240","210","35.1","46"
"USW00093026","DOUGLAS BISBEE INTERNATIONAL AIRPORT, AZ US","2015-12","6.9",,,"13",,"0.22","78",,"0.35",,"43.4","61.5","25.4","170","170","38.0","48"
"USW00093026","DOUGLAS BISBEE INTERNATIONAL AIRPORT, AZ US","2016-01","6.9","0",,"17",,"0.56","74",,"1.16",,"43.4","61.4","25.4","220","220","31.1","39"
"USW00093026","DOUGLAS BISBEE INTERNATIONAL AIRPORT, AZ US","2016-02","7.4","0",,"13",,"0.08","84",,"0.08",,"51.3","73.1","29.6","230","240","45.0","58"
"USW00093026","DOUGLAS BISBEE INTERNATIONAL AIRPORT, AZ US","2016-03","8.9","0",,"22",,"0.19","85",,"0.19",,"56.1","76.3","36.0","260","270","36.9","46"
"USW00093026","DOUGLAS BISBEE INTERNATIONAL AIRPORT, AZ US","2016-04","9.4","18",,"25",,"0.04","90",,"0.04",,"60.2","79.4","41.0","220","230","40.0","52"
"USW00093026","DOUGLAS BISBEE INTERNATIONAL AIRPORT, AZ US","2016-05","10.1","143",,"40",,"0.00","95",,"0.00",,"68.0","86.1","50.0","200","190","40.0","49"
"USW00093026","DOUGLAS BISBEE INTERNATIONAL AIRPORT, AZ US","2016-06","8.3","602",,"53",,"0.68","109",,"1.86",,"80.3","97.7","63.0","180","180","36.0","45"
"USW00093026","DOUGLAS BISBEE INTERNATIONAL AIRPORT, AZ US","2016-07","7.6","1106",,"62",,"1.75","102","0","4.30",,"81.2","95.4","67.0","120","120","52.1","66"
"USW00093026","DOUGLAS BISBEE INTERNATIONAL AIRPORT, AZ US","2016-08","6.3","1442",,"55",,"1.37","95","0","2.58",,"75.8","89.6","62.1","20","150","40.9","57"
"USW00093026","DOUGLAS BISBEE INTERNATIONAL AIRPORT, AZ US","2016-09","6.9","1667",,"48",,"0.61","99","4","1.94",,"72.4","87.6","57.1","180","170","30.0","38"
"USW00093026","DOUGLAS BISBEE INTERNATIONAL AIRPORT, AZ US","2016-10","6.3","1743",,"40",,"0.00","90","14","0.00",,"67.1","87.1","47.1","220","90","29.1","34"
"USW00093026","DOUGLAS BISBEE INTERNATIONAL AIRPORT, AZ US","2016-11","8.1","1743",,"13",,"0.19","80","345","0.26",,"54.0","71.7","36.2","220","230","36.9","46"
"USW00093026","DOUGLAS BISBEE INTERNATIONAL AIRPORT, AZ US","2016-12","6.7","1743",,"16",,"0.47","80","856","1.09",,"48.5","64.3","32.8","200","210","36.9","53"
"USW00093026","DOUGLAS BISBEE INTERNATIONAL AIRPORT, AZ US","2017-01","7.2","0",,"19",,"0.47","79","1455","1.24",,"45.7","61.8","29.6","280","290","42.9","54"
"USW00093026","DOUGLAS BISBEE INTERNATIONAL AIRPORT, AZ US","2017-02","8.3","0",,"23",,"0.19","86","1822","0.38",,"51.9","69.3","34.5","90","90","36.0","47"
"USW00093026","DOUGLAS BISBEE INTERNATIONAL AIRPORT, AZ US","2017-03","8.7","6",,"29",,"0.08","88","2012","0.08",,"59.1","78.8","39.3","250","230","44.1","53"
"USW00093026","DOUGLAS BISBEE INTERNATIONAL AIRPORT, AZ US","2017-04","9.6","42",,"31",,"0.00","94","2122","0.00",,"62.5","83.1","41.9","230","220","35.1","42"
"USW00093026","DOUGLAS BISBEE INTERNATIONAL AIRPORT, AZ US","2017-05","10.1","186",,"35",,"0.07","98","2167","0.07",,"68.2","87.0","49.4","210","260","35.1","46"
"USW00093026","DOUGLAS BISBEE INTERNATIONAL AIRPORT, AZ US","2017-06","8.5","672",,"47",,"0.03","109","2167","0.04",,"81.2","100.1","62.4","90","80","38.0","50"
"USW00093026","DOUGLAS BISBEE INTERNATIONAL AIRPORT, AZ US","2017-07","6.9","1105",,"56",,"1.15","103","0","4.89",,"79.0","91.9","66.0","360","130","47.0","66"
"USW00093026","DOUGLAS BISBEE INTERNATIONAL AIRPORT, AZ US","2017-08","6.0","1471",,"51",,"1.04","96","0","2.00",,"76.8","90.8","62.9","70","130","36.9","44"
"USW00093026","DOUGLAS BISBEE INTERNATIONAL AIRPORT, AZ US","2017-09","7.4","1749",,"41",,"0.00","98","4","0.00",,"74.2","90.8","57.5","260","210","28.0","38"
"USW00093026","DOUGLAS BISBEE INTERNATIONAL AIRPORT, AZ US","2017-10","7.4","1854",,"38",,"0.10","94","36","0.12",,"67.3","86.2","48.5","230","240","29.1","41"
"USW00093026","DOUGLAS BISBEE INTERNATIONAL AIRPORT, AZ US","2017-11","5.4","1854",,"26",,"0.09","87","210","0.11",,"59.2","79.2","39.3","130","130","28.0","35"
"USW00093026","DOUGLAS BISBEE INTERNATIONAL AIRPORT, AZ US","2017-12","6.0","1854",,"17",,"0.51","75","751","0.60",,"47.5","64.6","30.5","230","210","25.9","33"
"USW00093026","DOUGLAS BISBEE INTERNATIONAL AIRPORT, AZ US","2018-01","6.9","0",,"15",,"0.01","76","1302","0.01",,"47.2","66.5","27.9","240","240","30.0","37"
"USW00093026","DOUGLAS BISBEE INTERNATIONAL AIRPORT, AZ US","2018-02","8.1","0",,"19",,"0.48","79","1704","1.03",,"50.6","66.8","34.5","210","180","35.1","44"
"USW00093026","DOUGLAS BISBEE INTERNATIONAL AIRPORT, AZ US","2018-03","8.3","6",,"22",,"0.00","89","1978","0.00",,"56.4","74.7","38.0","220","250","40.0","52"
"USW00093026","DOUGLAS BISBEE INTERNATIONAL AIRPORT, AZ US","2018-04","9.6","71",,"29",,"0.00","92","2045","0.00",,"65.0","84.0","45.9","230","220","38.0","52"
"USW00093026","DOUGLAS BISBEE INTERNATIONAL AIRPORT, AZ US","2018-05","9.8","270",,"36",,"0.00","97","2065","0.00",,"70.8","90.6","51.0","210","210","36.9","46"
"USW00093026","DOUGLAS BISBEE INTERNATIONAL AIRPORT, AZ US","2018-06","9.2","690",,"52",,"0.39","104","2065","0.96",,"79.0","97.4","60.5","170","20","42.9","58"
"USW00093026","DOUGLAS BISBEE INTERNATIONAL AIRPORT, AZ US","2018-07","8.7","1182",,"56",,"1.06","105","0","2.90",,"80.9","94.7","67.1","60","70","40.9","60"
"USW00093026","DOUGLAS BISBEE INTERNATIONAL AIRPORT, AZ US","2018-08","6.3","1596",,"60",,"1.00","101","0","2.65",,"78.3","91.5","65.2","350","70","36.0","47"
"USW00093026","DOUGLAS BISBEE INTERNATIONAL AIRPORT, AZ US","2018-09","6.0","1893",,"54",,"0.98","98","0","2.59",,"74.9","89.8","60.0","60","70","31.1","37"
"USW00093026","DOUGLAS BISBEE INTERNATIONAL AIRPORT, AZ US","2018-10","7.8","1931",,"38",,"1.16","88","134","2.98",,"61.9","74.9","48.9","240","250","33.1","43"
"USW00093026","DOUGLAS BISBEE INTERNATIONAL AIRPORT, AZ US","2018-11","6.3","1931",,"20",,"0.00","80","564","0.00",,"50.7","68.8","32.6","80","70","32.0","41"
"USW00093026","DOUGLAS BISBEE INTERNATIONAL AIRPORT, AZ US","2018-12","6.3","1931",,"18",,"0.31","73","1170","0.80",,"45.4","59.7","31.2","180","280","31.1","46"
"USW00093026","DOUGLAS BISBEE INTERNATIONAL AIRPORT, AZ US","2019-01","6.0","0",,"10",,"0.30","71","1769","0.59",,"43.7","59.3","28.1","220","220","31.1","38"
"USW00093026","DOUGLAS BISBEE INTERNATIONAL AIRPORT, AZ US","2019-02","8.7","0",,"11",,"0.37","74","2314","0.52",,"45.5","61.1","30.0","180","230","35.1","54"
"USW00093026","DOUGLAS BISBEE INTERNATIONAL AIRPORT, AZ US","2019-03","9.2","0",,"22",,"1.06","82","2649","1.32",,"54.2","71.5","36.9","160","230","42.9","51"
"USW00093026","DOUGLAS BISBEE INTERNATIONAL AIRPORT, AZ US","2019-04","9.2","16",,"31",,"0.64","90","2807","0.65",,"60.3","78.5","42.0","230","210","32.0","49"
"USW00093026","DOUGLAS BISBEE INTERNATIONAL AIRPORT, AZ US","2019-05","9.8","36",,"35",,"0.18","91","2877","0.28",,"63.4","81.4","45.4","290","270","38.0","48"
"USW00093026","DOUGLAS BISBEE INTERNATIONAL AIRPORT, AZ US","2019-06","8.7","376",,"49",,"0.01","103","2877","0.01",,"76.3","95.4","57.2","140","140","36.9","44"
"USW00093026","DOUGLAS BISBEE INTERNATIONAL AIRPORT, AZ US","2019-07","7.6","871",,"58",,"0.65","102","0","2.05",,"81.0","96.2","65.7","30","250","36.0","47"
"USW00093026","DOUGLAS BISBEE INTERNATIONAL AIRPORT, AZ US","2019-08","6.3","1353",,"62",,"1.00","103","0","2.47",,"80.6","94.8","66.3","130","130","51.0","64"
"USW00093026","DOUGLAS BISBEE INTERNATIONAL AIRPORT, AZ US","2019-09","6.9","1613",,"49",,"1.52","97","6","2.54",,"73.5","87.3","59.6","280","160","32.0","45"
"USW00093026","DOUGLAS BISBEE INTERNATIONAL AIRPORT, AZ US","2019-10","7.6","1655",,"23",,"0.05","88","126","0.05",,"62.5","80.3","44.7","230","210","29.1","54"
"USW00093026","DOUGLAS BISBEE INTERNATIONAL AIRPORT, AZ US","2019-11","6.7","1656",,"27",,"2.19","81","456","4.62",,"54.0","68.8","39.2","250","240","40.9","55"
"USW00093026","DOUGLAS BISBEE INTERNATIONAL AIRPORT, AZ US","2019-12","6.5","1656",,"19",,"0.40","73","1060","1.18",,"45.5","59.7","31.3","230","240","31.1","43"
"USW00093026","DOUGLAS BISBEE INTERNATIONAL AIRPORT, AZ US","2020-01",,,,,,"0.23",,,"0.33",,,,,,,,
"USW00093026","DOUGLAS BISBEE INTERNATIONAL AIRPORT, AZ US","2020-02",,,,,,,,,,,,,,,,,
"USW00093026","DOUGLAS BISBEE INTERNATIONAL AIRPORT, AZ US","2020-03","9.6",,,"24",,"0.68","84",,"1.92",,"54.1","68.5","39.6","230","220","32.0","42"
"USW00093026","DOUGLAS BISBEE INTERNATIONAL AIRPORT, AZ US","2022-12","5.6",,,"19",,"0.32","75",,"0.67",,"46.2","63.2","29.2","230","220","36.0","49"
"USW00093026","DOUGLAS BISBEE INTERNATIONAL AIRPORT, AZ US","2023-01","7.8","0",,"14",,"0.40","73",,"0.69",,"43.6","60.4","26.8","180","200","35.1","50"
"USW00093026","DOUGLAS BISBEE INTERNATIONAL AIRPORT, AZ US","2023-02","10.3","0",,"12",,"0.14","79",,"0.31",,"45.4","62.1","28.7","230","230","45.0","63"
"USW00093026","DOUGLAS BISBEE INTERNATIONAL AIRPORT, AZ US","2023-03","10.1","0",,"21",,"0.03","81",,"0.05",,"53.2","70.3","36.1","230","230","38.0","61"
"USW00093026","DOUGLAS BISBEE INTERNATIONAL AIRPORT, AZ US","2023-04","8.9","19",,"20",,"0.00","92",,"0.00",,"61.1","82.0","40.1","240","230","32.0","60"
"USW00093026","DOUGLAS BISBEE INTERNATIONAL AIRPORT, AZ US","2023-05","8.9","137",,"39",,"0.27","92",,"0.32",,"68.2","86.6","49.8","240","220","35.1","50"
"USW00093026","DOUGLAS BISBEE INTERNATIONAL AIRPORT, AZ US","2023-06","8.9","476",,"45",,"0.09","107",,"0.09",,"76.3","95.4","57.2","250","250","35.1","46"
"USW00093026","DOUGLAS BISBEE INTERNATIONAL AIRPORT, AZ US","2023-07","7.8","1091",,"58",,"0.32","107","0","0.87",,"84.8","102.3","67.4","50","20","40.0","59"
"USW00093026","DOUGLAS BISBEE INTERNATIONAL AIRPORT, AZ US","2023-08","7.4","1564",,"58",,"0.23","106","0","1.22",,"80.3","95.5","65.0","50","60","36.9","46"
"USW00093026","DOUGLAS BISBEE INTERNATIONAL AIRPORT, AZ US","2023-09","7.2","1916",,"52",,"1.75","103","0","2.08",,"76.7","93.3","60.2","40","230","31.1","48"
"USW00093026","DOUGLAS BISBEE INTERNATIONAL AIRPORT, AZ US","2023-10","8.1","2035",,"36",,"0.18","93","65","0.18",,"66.7","83.5","50.0","240","220","31.1","42"
"USW00093026","DOUGLAS BISBEE INTERNATIONAL AIRPORT, AZ US","2023-11","7.4","2036",,"25",,"0.00","86","346","0.00",,"55.7","72.3","39.0","220","250","28.0","41"
"USW00093026","DOUGLAS BISBEE INTERNATIONAL AIRPORT, AZ US","2023-12","5.6","2036",,"18",,"0.62","78","916","0.98",,"46.6","64.9","28.3","280","160","29.1","42"
"USW00093026","DOUGLAS BISBEE INTERNATIONAL AIRPORT, AZ US","2024-01","6.9","0",,"15",,"0.36","73","1539","0.63",,"44.9","60.5","29.2","220","240","40.9","54"
"USW00093026","DOUGLAS BISBEE INTERNATIONAL AIRPORT, AZ US","2024-02","7.6","0",,"22",,"0.37","81","1972","0.87",,"50.1","66.2","34.0","210","220","44.1","59"
"US1AZCH0050","DOUGLAS 1.0 E, AZ US","2013-07",,,,,,"1.40",,,"8.04",,,,,,,,
"US1AZCH0050","DOUGLAS 1.0 E, AZ US","2013-08",,,,,,"0.77",,,"3.27",,,,,,,,
"US1AZCH0050","DOUGLAS 1.0 E, AZ US","2013-09",,,"0",,"0.0","0.60",,,"0.97","0.0",,,,,,,
"US1AZCH0050","DOUGLAS 1.0 E, AZ US","2013-10",,,"0",,"0.0","0.00",,,"0.00","0.0",,,,,,,
"US1AZCH0050","DOUGLAS 1.0 E, AZ US","2013-11",,,,,,"0.37",,,"0.91",,,,,,,,
"US1AZCH0050","DOUGLAS 1.0 E, AZ US","2013-12",,,"0",,"0.0","0.16",,,"0.37","0.0",,,,,,,
"US1AZCH0050","DOUGLAS 1.0 E, AZ US","2014-01",,,"0",,"0.0","0.00",,,"0.00","0.0",,,,,,,
"US1AZCH0050","DOUGLAS 1.0 E, AZ US","2014-02",,,"0",,"0.0","0.00",,,"0.00","0.0",,,,,,,
"US1AZCH0050","DOUGLAS 1.0 E, AZ US","2014-03",,,"0",,"0.0","0.42",,,"0.42","0.0",,,,,,,
"US1AZCH0050","DOUGLAS 1.0 E, AZ US","2014-04",,,"0",,"0.0","0.07",,,"0.09","0.0",,,,,,,
"US1AZCH0050","DOUGLAS 1.0 E, AZ US","2014-06",,,"0",,"0.0","0.16",,,"0.16","0.0",,,,,,,
"US1AZCH0050","DOUGLAS 1.0 E, AZ US","2014-08",,,,,,"1.83",,,"5.07",,,,,,,,
"US1AZCH0050","DOUGLAS 1.0 E, AZ US","2014-09",,,,,,"3.05",,,"4.79",,,,,,,,
"US1AZCH0050","DOUGLAS 1.0 E, AZ US","2014-10",,,"0",,"0.0","1.20",,,"1.79","0.0",,,,,,,
"US1AZCH0050","DOUGLAS 1.0 E, AZ US","2014-11",,,"0",,"0.0","0.32",,,"0.32","0.0",,,,,,,
"US1AZCH0050","DOUGLAS 1.0 E, AZ US","2014-12",,,,,,"0.40",,,"0.75",,,,,,,,
"US1AZCH0050","DOUGLAS 1.0 E, AZ US","2015-01",,,"0",,"0.0","0.95",,,"1.39","0.0",,,,,,,
"US1AZCH0050","DOUGLAS 1.0 E, AZ US","2015-02",,,"0",,"0.0","0.07",,,"0.13","0.0",,,,,,,
"US1AZCH0050","DOUGLAS 1.0 E, AZ US","2015-03",,,"0",,"0.0","0.61",,,"1.77","0.0",,,,,,,
"US1AZCH0050","DOUGLAS 1.0 E, AZ US","2015-05",,,"0",,"0.0","0.11",,,"0.11","0.0",,,,,,,
"US1AZCH0050","DOUGLAS 1.0 E, AZ US","2015-06",,,,,,"0.98",,,"1.31",,,,,,,,
"US1AZCH0050","DOUGLAS 1.0 E, AZ US","2015-07",,,,,,"1.10",,,"4.32",,,,,,,,
"US1AZCH0050","DOUGLAS 1.0 E, AZ US","2015-08",,,,,,"0.76",,,"2.27",,,,,,,,
"US1AZCH0050","DOUGLAS 1.0 E, AZ US","2015-09",,,,,,"0.81",,,"1.97",,,,,,,,
"US1AZCH0050","DOUGLAS 1.0 E, AZ US","2015-10",,,,,,"0.50",,,"1.10",,,,,,,,
"US1AZCH0050","DOUGLAS 1.0 E, AZ US","2015-11",,,,,,"0.09",,,"0.36",,,,,,,,
"US1AZCH0050","DOUGLAS 1.0 E, AZ US","2015-12",,,"0",,"0.0","0.25",,,"0.31","0.0",,,,,,,
"US1AZCH0050","DOUGLAS 1.0 E, AZ US","2016-01",,,"0",,"0.0","0.80",,,"1.25","0.0",,,,,,,
"US1AZCH0050","DOUGLAS 1.0 E, AZ US","2016-02",,,"0",,"0.0","0.00",,,"0.00","0.0",,,,,,,
"US1AZCH0050","DOUGLAS 1.0 E, AZ US","2016-03",,,"0",,"0.0","0.24",,,"0.44","0.0",,,,,,,
"US1AZCH0050","DOUGLAS 1.0 E, AZ US","2016-04",,,"0",,"0.0","0.02",,,"0.02","0.0",,,,,,,
"US1AZCH0050","DOUGLAS 1.0 E, AZ US","2016-05",,,"0",,"0.0","0.00",,,"0.00","0.0",,,,,,,
"US1AZCH0050","DOUGLAS 1.0 E, AZ US","2016-06",,,,,,"0.20",,,"0.36",,,,,,,,
"US1AZCH0050","DOUGLAS 1.0 E, AZ US","2016-07",,,,,,"0.89",,,"3.00",,,,,,,,
"US1AZCH0050","DOUGLAS 1.0 E, AZ US","2016-08",,,"0",,"0.0","1.37",,,"2.24","0.0",,,,,,,
"US1AZCH0050","DOUGLAS 1.0 E, AZ US","2016-09",,,,,,"0.42",,,"2.19",,,,,,,,
"US1AZCH0050","DOUGLAS 1.0 E, AZ US","2016-10",,,"0",,"0.0","0.05",,,"0.07","0.0",,,,,,,
"US1AZCH0050","DOUGLAS 1.0 E, AZ US","2016-11",,,"0",,"0.0","0.60",,,"0.70","0.0",,,,,,,
"US1AZCH0050","DOUGLAS 1.0 E, AZ US","2016-12",,,,,,"0.47",,,"1.19",,,,,,,,
"US1AZCH0050","DOUGLAS 1.0 E, AZ US","2017-01",,,"0",,"0.0","0.67",,,"1.64","0.0",,,,,,,
"US1AZCH0050","DOUGLAS 1.0 E, AZ US","2017-03",,,"0",,"0.0","0.10",,,"0.10","0.0",,,,,,,
"US1AZCH0050","DOUGLAS 1.0 E, AZ US","2017-04",,,"0",,"0.0","0.00",,,"0.00","0.0",,,,,,,
"US1AZCH0050","DOUGLAS 1.0 E, AZ US","2017-06",,,"0",,"0.0","0.59",,,"0.72","0.0",,,,,,,
"US1AZCH0050","DOUGLAS 1.0 E, AZ US","2017-07",,,,,,"1.25",,,"5.52",,,,,,,,
"US1AZCH0050","DOUGLAS 1.0 E, AZ US","2017-08",,,,,,"2.00",,,"2.59",,,,,,,,
"US1AZCH0050","DOUGLAS 1.0 E, AZ US","2017-09",,,"0",,"0.0","0.08",,,"0.08","0.0",,,,,,,
"US1AZCH0050","DOUGLAS 1.0 E, AZ US","2017-10",,,"0",,"0.0","0.13",,,"0.19","0.0",,,,,,,
"US1AZCH0050","DOUGLAS 1.0 E, AZ US","2017-11",,,"0",,"0.0","0.25",,,"0.35","0.0",,,,,,,
"US1AZCH0050","DOUGLAS 1.0 E, AZ US","2017-12",,,"0",,"0.0","1.10",,,"1.20","0.0",,,,,,,
"US1AZCH0050","DOUGLAS 1.0 E, AZ US","2018-01",,,"0",,"0.0","0.01",,,"0.01","0.0",,,,,,,
"US1AZCH0050","DOUGLAS 1.0 E, AZ US","2018-02",,,"0",,"0.0","0.55",,,"1.33","0.0",,,,,,,
"US1AZCH0050","DOUGLAS 1.0 E, AZ US","2018-03",,,"0",,"0.0","0.00",,,"0.00","0.0",,,,,,,
"US1AZCH0050","DOUGLAS 1.0 E, AZ US","2018-04",,,"0",,"0.0","0.00",,,"0.00","0.0",,,,,,,
"US1AZCH0050","DOUGLAS 1.0 E, AZ US","2018-05",,,"0",,"0.0","0.00",,,"0.00","0.0",,,,,,,
"US1AZCH0050","DOUGLAS 1.0 E, AZ US","2018-06",,,"0",,"0.0","0.50",,,"1.08","0.0",,,,,,,
"US1AZCH0050","DOUGLAS 1.0 E, AZ US","2018-07",,,,,,"0.96",,,"2.81",,,,,,,,
"US1AZCH0050","DOUGLAS 1.0 E, AZ US","2018-10",,,,,,"1.18",,,"3.17",,,,,,,,
"US1AZCH0050","DOUGLAS 1.0 E, AZ US","2018-11",,,"0",,"0.0","0.04",,,"0.04","0.0",,,,,,,
"US1AZCH0050","DOUGLAS 1.0 E, AZ US","2018-12",,,"0",,"0.0","0.48",,,"0.86","0.0",,,,,,,
"US1AZCH0050","DOUGLAS 1.0 E, AZ US","2019-01",,,"0",,"0.0","0.36",,,"0.83","0.0",,,,,,,
"US1AZCH0050","DOUGLAS 1.0 E, AZ US","2019-02",,,"0",,"0.0","0.50",,,"0.77","0.0",,,,,,,
"US1AZCH0050","DOUGLAS 1.0 E, AZ US","2019-03",,,"0",,"0.0","1.50",,,"1.55","0.0",,,,,,,
"US1AZCH0050","DOUGLAS 1.0 E, AZ US","2019-06",,,"0",,"0.0","0.13",,,"0.13","0.0",,,,,,,
"US1AZCH0050","DOUGLAS 1.0 E, AZ US","2019-07",,,,,,"0.58",,,"2.76",,,,,,,,
"US1AZCH0050","DOUGLAS 1.0 E, AZ US","2019-08",,,,,,"0.75",,,"3.10",,,,,,,,
"US1AZCH0050","DOUGLAS 1.0 E, AZ US","2019-09",,,,,,"3.97",,,"6.22",,,,,,,,
"US1AZCH0050","DOUGLAS 1.0 E, AZ US","2019-10",,,"0",,"0.0","0.01",,,"0.01","0.0",,,,,,,
"US1AZCH0050","DOUGLAS 1.0 E, AZ US","2019-11",,,,,,"2.84",,,"4.76",,,,,,,,
"US1AZCH0050","DOUGLAS 1.0 E, AZ US","2019-12",,,,,,"0.62",,,"1.80",,,,,,,,
"US1AZCH0050","DOUGLAS 1.0 E, AZ US","2020-02",,,"0",,"0.0","0.39",,,"0.55","0.0",,,,,,,
"US1AZCH0050","DOUGLAS 1.0 E, AZ US","2020-05",,,"0",,"0.0","0.20",,,"0.20","0.0",,,,,,,
"US1AZCH0050","DOUGLAS 1.0 E, AZ US","2020-06",,,"0",,"0.0","0.70",,,"0.75","0.0",,,,,,,
"US1AZCH0050","DOUGLAS 1.0 E, AZ US","2020-07",,,,,,"0.30",,,"1.19",,,,,,,,
"US1AZCH0050","DOUGLAS 1.0 E, AZ US","2020-08",,,"0",,"0.0","0.29",,,"0.38","0.0",,,,,,,
"US1AZCH0050","DOUGLAS 1.0 E, AZ US","2020-10",,,"0",,"0.0","0.00",,,"0.00","0.0",,,,,,,
"US1AZCH0050","DOUGLAS 1.0 E, AZ US","2020-11",,,"0",,"0.0","0.10",,,"0.10","0.0",,,,,,,
"US1AZCH0050","DOUGLAS 1.0 E, AZ US","2020-12",,,"0",,"0.0","0.61",,,"0.61","0.0",,,,,,,
"US1AZCH0050","DOUGLAS 1.0 E, AZ US","2021-01",,,,,,"0.42",,,"1.14",,,,,,,,
"US1AZCH0050","DOUGLAS 1.0 E, AZ US","2021-02",,,"0",,"0.0","0.06",,,"0.06","0.0",,,,,,,
"US1AZCH0050","DOUGLAS 1.0 E, AZ US","2021-03",,,"0",,"0.0","0.27",,,"0.42","0.0",,,,,,,
"US1AZCH0050","DOUGLAS 1.0 E, AZ US","2021-04",,,"0",,"0.0","0.00",,,"0.00","0.0",,,,,,,
"US1AZCH0050","DOUGLAS 1.0 E, AZ US","2021-05",,,"0",,"0.0","0.00",,,"0.00","0.0",,,,,,,
"US1AZCH0050","DOUGLAS 1.0 E, AZ US","2021-06",,,"0",,"0.0","0.05",,,"0.05","0.0",,,,,,,
"US1AZCH0050","DOUGLAS 1.0 E, AZ US","2021-07",,,,,,"2.58",,,"8.82",,,,,,,,
"US1AZCH0050","DOUGLAS 1.0 E, AZ US","2021-08",,,,,,"1.14",,,"4.42",,,,,,,,
"US1AZCH0050","DOUGLAS 1.0 E, AZ US","2021-09",,,,,,"0.47",,,"1.75",,,,,,,,
"US1AZCH0050","DOUGLAS 1.0 E, AZ US","2021-10",,,"0",,"0.0","0.19",,,"0.21","0.0",,,,,,,
"US1AZCH0050","DOUGLAS 1.0 E, AZ US","2021-11",,,"0",,"0.0","0.09",,,"0.09","0.0",,,,,,,
"US1AZCH0050","DOUGLAS 1.0 E, AZ US","2021-12",,,"0",,"0.0","0.91",,,"1.11","0.0",,,,,,,
"US1AZCH0050","DOUGLAS 1.0 E, AZ US","2022-01",,,"0",,"0.0","0.15",,,"0.16","0.0",,,,,,,
"US1AZCH0050","DOUGLAS 1.0 E, AZ US","2022-02",,,"0",,"0.0","0.00",,,"0.00","0.0",,,,,,,
"US1AZCH0050","DOUGLAS 1.0 E, AZ US","2022-03",,,"0",,"0.0","0.03",,,"0.05","0.0",,,,,,,
"US1AZCH0050","DOUGLAS 1.0 E, AZ US","2022-04",,,"0",,"0.0","0.00",,,"0.00","0.0",,,,,,,
"US1AZCH0050","DOUGLAS 1.0 E, AZ US","2022-06",,,,,,"0.50",,,"1.16",,,,,,,,
"US1AZCH0050","DOUGLAS 1.0 E, AZ US","2022-07",,,,,,"2.07",,,"3.67",,,,,,,,
"US1AZCH0050","DOUGLAS 1.0 E, AZ US","2022-08",,,,,,"0.85",,,"4.70",,,,,,,,
"US1AZCH0050","DOUGLAS 1.0 E, AZ US","2022-09",,,"0",,"0.0","1.32",,,"3.22","0.0",,,,,,,
"US1AZCH0050","DOUGLAS 1.0 E, AZ US","2022-10",,,"0",,"0.0","1.40",,,"1.93","0.0",,,,,,,
"US1AZCH0050","DOUGLAS 1.0 E, AZ US","2022-11",,,"0",,"0.0","0.05",,,"0.05","0.0",,,,,,,
"US1AZCH0050","DOUGLAS 1.0 E, AZ US","2022-12",,,"0",,"0.0","0.15",,,"0.20","0.0",,,,,,,
"US1AZCH0050","DOUGLAS 1.0 E, AZ US","2023-02",,,,,,"0.15",,,"0.59",,,,,,,,
"US1AZCH0050","DOUGLAS 1.0 E, AZ US","2023-04",,,"0",,"0.0","0.00",,,"0.00","0.0",,,,,,,
"US1AZCH0050","DOUGLAS 1.0 E, AZ US","2023-05",,,"0",,"0.0","0.10",,,"0.12","0.0",,,,,,,
"US1AZCH0050","DOUGLAS 1.0 E, AZ US","2023-06",,,"0",,"0.0","0.05",,,"0.05","0.0",,,,,,,
"US1AZCH0050","DOUGLAS 1.0 E, AZ US","2023-08",,,,,,"0.42",,,"0.93",,,,,,,,
"US1AZCH0050","DOUGLAS 1.0 E, AZ US","2023-09",,,"0",,"0.0","0.36",,,"1.02","0.0",,,,,,,
"US1AZCH0050","DOUGLAS 1.0 E, AZ US","2023-10",,,"0",,"0.0","0.66",,,"0.92","0.0",,,,,,,
"US1AZCH0050","DOUGLAS 1.0 E, AZ US","2023-11",,,"0",,"0.0","0.04",,,"0.06","0.0",,,,,,,
"US1AZCH0050","DOUGLAS 1.0 E, AZ US","2023-12",,,"0",,"0.0","0.45",,,"0.48","0.0",,,,,,,
"US1AZCH0050","DOUGLAS 1.0 E, AZ US","2024-01",,,,,,"0.55",,,"1.05",,,,,,,,
"US1AZCH0050","DOUGLAS 1.0 E, AZ US","2024-02",,,"0",,"0.0","0.30",,,"0.74","0.0",,,,,,,
"US1AZCH0061","DOUGLAS 0.8 W, AZ US","2014-09",,,,,,"2.30",,,"4.59",,,,,,,,
"US1AZCH0061","DOUGLAS 0.8 W, AZ US","2014-10",,,,,,"1.09",,,"1.35",,,,,,,,
